category,score,rank_label,variation_id,message
仕事,1,1位,v1,穏やかな気持ちで仕事に取り組むと、思いがけない幸運が訪れそう。
仕事,1,1位,v2,あなたの努力が仕事の面で花開くかも。あきらめない気持ちが大切です。
仕事,1,1位,v3,仕事での成果が出やすい日。ひとつの挑戦が良い結果に結びつきそう。
仕事,1,上位,v1,心の余裕が仕事の運気を後押し。リラックスして過ごしてみて。
仕事,1,上位,v2,あなたの努力が仕事の面で花開くかも。あきらめない気持ちが大切です。
仕事,1,上位,v3,今日は仕事に集中することで、理想的な結果が得られるはず。
仕事,1,下位,v1,穏やかな気持ちで仕事に取り組むと、思いがけない幸運が訪れそう。
仕事,1,下位,v2,心の余裕が仕事の運気を後押し。リラックスして過ごしてみて。
仕事,1,下位,v3,仕事の流れがスムーズ。思い切って前進して大丈夫。
仕事,1,最下位,v1,心の余裕が仕事の運気を後押し。リラックスして過ごしてみて。
仕事,1,最下位,v2,あなたの努力が仕事の面で花開くかも。あきらめない気持ちが大切です。
仕事,1,最下位,v3,仕事の流れがスムーズ。思い切って前進して大丈夫。
仕事,2,1位,v1,今日は仕事でいい風が吹いている予感。流れに乗って行動を起こしてみて。
仕事,2,1位,v2,仕事での成果が出やすい日。ひとつの挑戦が良い結果に結びつきそう。
仕事,2,1位,v3,新しい視点が仕事での成功を引き寄せるかも。柔軟な対応がカギ。
仕事,2,上位,v1,仕事で頼りにされる場面がありそう。自信を持って臨んでみて。
仕事,2,上位,v2,仕事での成果が出やすい日。ひとつの挑戦が良い結果に結びつきそう。
仕事,2,上位,v3,今日は仕事でいい風が吹いている予感。流れに乗って行動を起こしてみて。
仕事,2,下位,v1,仕事で好感度が高まる日。優しさを忘れずに接して。
仕事,2,下位,v2,仕事の流れがスムーズ。思い切って前進して大丈夫。
仕事,2,下位,v3,穏やかな気持ちで仕事に取り組むと、思いがけない幸運が訪れそう。
仕事,2,最下位,v1,新しい視点が仕事での成功を引き寄せるかも。柔軟な対応がカギ。
仕事,2,最下位,v2,穏やかな気持ちで仕事に取り組むと、思いがけない幸運が訪れそう。
仕事,2,最下位,v3,心の余裕が仕事の運気を後押し。リラックスして過ごしてみて。
仕事,3,1位,v1,穏やかな気持ちで仕事に取り組むと、思いがけない幸運が訪れそう。
仕事,3,1位,v2,今日は仕事でいい風が吹いている予感。流れに乗って行動を起こしてみて。
仕事,3,1位,v3,心の余裕が仕事の運気を後押し。リラックスして過ごしてみて。
仕事,3,上位,v1,心の余裕が仕事の運気を後押し。リラックスして過ごしてみて。
仕事,3,上位,v2,あなたの努力が仕事の面で花開くかも。あきらめない気持ちが大切です。
仕事,3,上位,v3,仕事で好感度が高まる日。優しさを忘れずに接して。
仕事,3,下位,v1,新しい視点が仕事での成功を引き寄せるかも。柔軟な対応がカギ。
仕事,3,下位,v2,穏やかな気持ちで仕事に取り組むと、思いがけない幸運が訪れそう。
仕事,3,下位,v3,心の余裕が仕事の運気を後押し。リラックスして過ごしてみて。
仕事,3,最下位,v1,仕事で頼りにされる場面がありそう。自信を持って臨んでみて。
仕事,3,最下位,v2,あなたの努力が仕事の面で花開くかも。あきらめない気持ちが大切です。
仕事,3,最下位,v3,仕事で好感度が高まる日。優しさを忘れずに接して。
仕事,4,1位,v1,今日は仕事に集中することで、理想的な結果が得られるはず。
仕事,4,1位,v2,仕事で頼りにされる場面がありそう。自信を持って臨んでみて。
仕事,4,1位,v3,穏やかな気持ちで仕事に取り組むと、思いがけない幸運が訪れそう。
仕事,4,上位,v1,心の余裕が仕事の運気を後押し。リラックスして過ごしてみて。
仕事,4,上位,v2,新しい視点が仕事での成功を引き寄せるかも。柔軟な対応がカギ。
仕事,4,上位,v3,穏やかな気持ちで仕事に取り組むと、思いがけない幸運が訪れそう。
仕事,4,下位,v1,今日は仕事に集中することで、理想的な結果が得られるはず。
仕事,4,下位,v2,仕事で頼りにされる場面がありそう。自信を持って臨んでみて。
仕事,4,下位,v3,穏やかな気持ちで仕事に取り組むと、思いがけない幸運が訪れそう。
仕事,4,最下位,v1,穏やかな気持ちで仕事に取り組むと、思いがけない幸運が訪れそう。
仕事,4,最下位,v2,あなたの努力が仕事の面で花開くかも。あきらめない気持ちが大切です。
仕事,4,最下位,v3,今日は仕事に集中することで、理想的な結果が得られるはず。
仕事,5,1位,v1,仕事での成果が出やすい日。ひとつの挑戦が良い結果に結びつきそう。
仕事,5,1位,v2,仕事で頼りにされる場面がありそう。自信を持って臨んでみて。
仕事,5,1位,v3,今日は仕事に集中することで、理想的な結果が得られるはず。
仕事,5,上位,v1,仕事で好感度が高まる日。優しさを忘れずに接して。
仕事,5,上位,v2,今日は仕事でいい風が吹いている予感。流れに乗って行動を起こしてみて。
仕事,5,上位,v3,仕事の流れがスムーズ。思い切って前進して大丈夫。
仕事,5,下位,v1,仕事で頼りにされる場面がありそう。自信を持って臨んでみて。
仕事,5,下位,v2,あなたの努力が仕事の面で花開くかも。あきらめない気持ちが大切です。
仕事,5,下位,v3,新しい視点が仕事での成功を引き寄せるかも。柔軟な対応がカギ。
仕事,5,最下位,v1,仕事での成果が出やすい日。ひとつの挑戦が良い結果に結びつきそう。
仕事,5,最下位,v2,穏やかな気持ちで仕事に取り組むと、思いがけない幸運が訪れそう。
仕事,5,最下位,v3,あなたの努力が仕事の面で花開くかも。あきらめない気持ちが大切です。
健康,1,1位,v1,心の余裕が健康の運気を後押し。リラックスして過ごしてみて。
健康,1,1位,v2,新しい視点が健康での成功を引き寄せるかも。柔軟な対応がカギ。
健康,1,1位,v3,今日は健康に集中することで、理想的な結果が得られるはず。
健康,1,上位,v1,今日は健康に集中することで、理想的な結果が得られるはず。
健康,1,上位,v2,新しい視点が健康での成功を引き寄せるかも。柔軟な対応がカギ。
健康,1,上位,v3,健康での成果が出やすい日。ひとつの挑戦が良い結果に結びつきそう。
健康,1,下位,v1,今日は健康に集中することで、理想的な結果が得られるはず。
健康,1,下位,v2,新しい視点が健康での成功を引き寄せるかも。柔軟な対応がカギ。
健康,1,下位,v3,健康で頼りにされる場面がありそう。自信を持って臨んでみて。
健康,1,最下位,v1,あなたの努力が健康の面で花開くかも。あきらめない気持ちが大切です。
健康,1,最下位,v2,健康での成果が出やすい日。ひとつの挑戦が良い結果に結びつきそう。
健康,1,最下位,v3,新しい視点が健康での成功を引き寄せるかも。柔軟な対応がカギ。
健康,2,1位,v1,今日は健康に集中することで、理想的な結果が得られるはず。
健康,2,1位,v2,新しい視点が健康での成功を引き寄せるかも。柔軟な対応がカギ。
健康,2,1位,v3,穏やかな気持ちで健康に取り組むと、思いがけない幸運が訪れそう。
健康,2,上位,v1,健康の流れがスムーズ。思い切って前進して大丈夫。
健康,2,上位,v2,穏やかな気持ちで健康に取り組むと、思いがけない幸運が訪れそう。
健康,2,上位,v3,新しい視点が健康での成功を引き寄せるかも。柔軟な対応がカギ。
健康,2,下位,v1,今日は健康に集中することで、理想的な結果が得られるはず。
健康,2,下位,v2,あなたの努力が健康の面で花開くかも。あきらめない気持ちが大切です。
健康,2,下位,v3,健康での成果が出やすい日。ひとつの挑戦が良い結果に結びつきそう。
健康,2,最下位,v1,新しい視点が健康での成功を引き寄せるかも。柔軟な対応がカギ。
健康,2,最下位,v2,今日は健康でいい風が吹いている予感。流れに乗って行動を起こしてみて。
健康,2,最下位,v3,健康の流れがスムーズ。思い切って前進して大丈夫。
健康,3,1位,v1,今日は健康に集中することで、理想的な結果が得られるはず。
健康,3,1位,v2,今日は健康でいい風が吹いている予感。流れに乗って行動を起こしてみて。
健康,3,1位,v3,健康での成果が出やすい日。ひとつの挑戦が良い結果に結びつきそう。
健康,3,上位,v1,心の余裕が健康の運気を後押し。リラックスして過ごしてみて。
健康,3,上位,v2,あなたの努力が健康の面で花開くかも。あきらめない気持ちが大切です。
健康,3,上位,v3,穏やかな気持ちで健康に取り組むと、思いがけない幸運が訪れそう。
健康,3,下位,v1,心の余裕が健康の運気を後押し。リラックスして過ごしてみて。
健康,3,下位,v2,今日は健康に集中することで、理想的な結果が得られるはず。
健康,3,下位,v3,穏やかな気持ちで健康に取り組むと、思いがけない幸運が訪れそう。
健康,3,最下位,v1,健康で頼りにされる場面がありそう。自信を持って臨んでみて。
健康,3,最下位,v2,健康での成果が出やすい日。ひとつの挑戦が良い結果に結びつきそう。
健康,3,最下位,v3,健康で好感度が高まる日。優しさを忘れずに接して。
健康,4,1位,v1,健康の流れがスムーズ。思い切って前進して大丈夫。
健康,4,1位,v2,穏やかな気持ちで健康に取り組むと、思いがけない幸運が訪れそう。
健康,4,1位,v3,今日は健康でいい風が吹いている予感。流れに乗って行動を起こしてみて。
健康,4,上位,v1,心の余裕が健康の運気を後押し。リラックスして過ごしてみて。
健康,4,上位,v2,健康での成果が出やすい日。ひとつの挑戦が良い結果に結びつきそう。
健康,4,上位,v3,あなたの努力が健康の面で花開くかも。あきらめない気持ちが大切です。
健康,4,下位,v1,健康で好感度が高まる日。優しさを忘れずに接して。
健康,4,下位,v2,あなたの努力が健康の面で花開くかも。あきらめない気持ちが大切です。
健康,4,下位,v3,今日は健康に集中することで、理想的な結果が得られるはず。
健康,4,最下位,v1,今日は健康でいい風が吹いている予感。流れに乗って行動を起こしてみて。
健康,4,最下位,v2,今日は健康に集中することで、理想的な結果が得られるはず。
健康,4,最下位,v3,心の余裕が健康の運気を後押し。リラックスして過ごしてみて。
健康,5,1位,v1,健康で頼りにされる場面がありそう。自信を持って臨んでみて。
健康,5,1位,v2,今日は健康に集中することで、理想的な結果が得られるはず。
健康,5,1位,v3,新しい視点が健康での成功を引き寄せるかも。柔軟な対応がカギ。
健康,5,上位,v1,あなたの努力が健康の面で花開くかも。あきらめない気持ちが大切です。
健康,5,上位,v2,新しい視点が健康での成功を引き寄せるかも。柔軟な対応がカギ。
健康,5,上位,v3,今日は健康に集中することで、理想的な結果が得られるはず。
健康,5,下位,v1,穏やかな気持ちで健康に取り組むと、思いがけない幸運が訪れそう。
健康,5,下位,v2,新しい視点が健康での成功を引き寄せるかも。柔軟な対応がカギ。
健康,5,下位,v3,今日は健康に集中することで、理想的な結果が得られるはず。
健康,5,最下位,v1,健康で好感度が高まる日。優しさを忘れずに接して。
健康,5,最下位,v2,健康で頼りにされる場面がありそう。自信を持って臨んでみて。
健康,5,最下位,v3,今日は健康でいい風が吹いている予感。流れに乗って行動を起こしてみて。
恋愛,1,1位,v1,恋愛で頼りにされる場面がありそう。自信を持って臨んでみて。
恋愛,1,1位,v2,心の余裕が恋愛の運気を後押し。リラックスして過ごしてみて。
恋愛,1,1位,v3,恋愛の流れがスムーズ。思い切って前進して大丈夫。
恋愛,1,上位,v1,恋愛で頼りにされる場面がありそう。自信を持って臨んでみて。
恋愛,1,上位,v2,新しい視点が恋愛での成功を引き寄せるかも。柔軟な対応がカギ。
恋愛,1,上位,v3,恋愛の流れがスムーズ。思い切って前進して大丈夫。
恋愛,1,下位,v1,恋愛での成果が出やすい日。ひとつの挑戦が良い結果に結びつきそう。
恋愛,1,下位,v2,穏やかな気持ちで恋愛に取り組むと、思いがけない幸運が訪れそう。
恋愛,1,下位,v3,今日は恋愛に集中することで、理想的な結果が得られるはず。
恋愛,1,最下位,v1,恋愛で頼りにされる場面がありそう。自信を持って臨んでみて。
恋愛,1,最下位,v2,あなたの努力が恋愛の面で花開くかも。あきらめない気持ちが大切です。
恋愛,1,最下位,v3,今日は恋愛でいい風が吹いている予感。流れに乗って行動を起こしてみて。
恋愛,2,1位,v1,新しい視点が恋愛での成功を引き寄せるかも。柔軟な対応がカギ。
恋愛,2,1位,v2,恋愛での成果が出やすい日。ひとつの挑戦が良い結果に結びつきそう。
恋愛,2,1位,v3,穏やかな気持ちで恋愛に取り組むと、思いがけない幸運が訪れそう。
恋愛,2,上位,v1,恋愛で頼りにされる場面がありそう。自信を持って臨んでみて。
恋愛,2,上位,v2,あなたの努力が恋愛の面で花開くかも。あきらめない気持ちが大切です。
恋愛,2,上位,v3,恋愛の流れがスムーズ。思い切って前進して大丈夫。
恋愛,2,下位,v1,恋愛での成果が出やすい日。ひとつの挑戦が良い結果に結びつきそう。
恋愛,2,下位,v2,恋愛の流れがスムーズ。思い切って前進して大丈夫。
恋愛,2,下位,v3,恋愛で好感度が高まる日。優しさを忘れずに接して。
恋愛,2,最下位,v1,今日は恋愛に集中することで、理想的な結果が得られるはず。
恋愛,2,最下位,v2,恋愛で頼りにされる場面がありそう。自信を持って臨んでみて。
恋愛,2,最下位,v3,恋愛で好感度が高まる日。優しさを忘れずに接して。
恋愛,3,1位,v1,穏やかな気持ちで恋愛に取り組むと、思いがけない幸運が訪れそう。
恋愛,3,1位,v2,あなたの努力が恋愛の面で花開くかも。あきらめない気持ちが大切です。
恋愛,3,1位,v3,恋愛で頼りにされる場面がありそう。自信を持って臨んでみて。
恋愛,3,上位,v1,新しい視点が恋愛での成功を引き寄せるかも。柔軟な対応がカギ。
恋愛,3,上位,v2,今日は恋愛でいい風が吹いている予感。流れに乗って行動を起こしてみて。
恋愛,3,上位,v3,恋愛の流れがスムーズ。思い切って前進して大丈夫。
恋愛,3,下位,v1,新しい視点が恋愛での成功を引き寄せるかも。柔軟な対応がカギ。
恋愛,3,下位,v2,あなたの努力が恋愛の面で花開くかも。あきらめない気持ちが大切です。
恋愛,3,下位,v3,恋愛での成果が出やすい日。ひとつの挑戦が良い結果に結びつきそう。
恋愛,3,最下位,v1,恋愛の流れがスムーズ。思い切って前進して大丈夫。
恋愛,3,最下位,v2,今日は恋愛でいい風が吹いている予感。流れに乗って行動を起こしてみて。
恋愛,3,最下位,v3,恋愛で頼りにされる場面がありそう。自信を持って臨んでみて。
恋愛,4,1位,v1,恋愛の流れがスムーズ。思い切って前進して大丈夫。
恋愛,4,1位,v2,恋愛で頼りにされる場面がありそう。自信を持って臨んでみて。
恋愛,4,1位,v3,心の余裕が恋愛の運気を後押し。リラックスして過ごしてみて。
恋愛,4,上位,v1,心の余裕が恋愛の運気を後押し。リラックスして過ごしてみて。
恋愛,4,上位,v2,恋愛で好感度が高まる日。優しさを忘れずに接して。
恋愛,4,上位,v3,新しい視点が恋愛での成功を引き寄せるかも。柔軟な対応がカギ。
恋愛,4,下位,v1,恋愛で頼りにされる場面がありそう。自信を持って臨んでみて。
恋愛,4,下位,v2,恋愛で好感度が高まる日。優しさを忘れずに接して。
恋愛,4,下位,v3,心の余裕が恋愛の運気を後押し。リラックスして過ごしてみて。
恋愛,4,最下位,v1,恋愛の流れがスムーズ。思い切って前進して大丈夫。
恋愛,4,最下位,v2,穏やかな気持ちで恋愛に取り組むと、思いがけない幸運が訪れそう。
恋愛,4,最下位,v3,恋愛での成果が出やすい日。ひとつの挑戦が良い結果に結びつきそう。
恋愛,5,1位,v1,恋愛の流れがスムーズ。思い切って前進して大丈夫。
恋愛,5,1位,v2,恋愛で頼りにされる場面がありそう。自信を持って臨んでみて。
恋愛,5,1位,v3,今日は恋愛に集中することで、理想的な結果が得られるはず。
恋愛,5,上位,v1,恋愛での成果が出やすい日。ひとつの挑戦が良い結果に結びつきそう。
恋愛,5,上位,v2,あなたの努力が恋愛の面で花開くかも。あきらめない気持ちが大切です。
恋愛,5,上位,v3,今日は恋愛でいい風が吹いている予感。流れに乗って行動を起こしてみて。
恋愛,5,下位,v1,新しい視点が恋愛での成功を引き寄せるかも。柔軟な対応がカギ。
恋愛,5,下位,v2,恋愛の流れがスムーズ。思い切って前進して大丈夫。
恋愛,5,下位,v3,心の余裕が恋愛の運気を後押し。リラックスして過ごしてみて。
恋愛,5,最下位,v1,今日は恋愛に集中することで、理想的な結果が得られるはず。
恋愛,5,最下位,v2,恋愛で頼りにされる場面がありそう。自信を持って臨んでみて。
恋愛,5,最下位,v3,恋愛で好感度が高まる日。優しさを忘れずに接して。
総合,1,1位,v1,総合での成果が出やすい日。ひとつの挑戦が良い結果に結びつきそう。
総合,1,1位,v2,穏やかな気持ちで総合に取り組むと、思いがけない幸運が訪れそう。
総合,1,1位,v3,あなたの努力が総合の面で花開くかも。あきらめない気持ちが大切です。
総合,1,上位,v1,総合の流れがスムーズ。思い切って前進して大丈夫。
総合,1,上位,v2,総合で好感度が高まる日。優しさを忘れずに接して。
総合,1,上位,v3,総合での成果が出やすい日。ひとつの挑戦が良い結果に結びつきそう。
総合,1,下位,v1,心の余裕が総合の運気を後押し。リラックスして過ごしてみて。
総合,1,下位,v2,総合の流れがスムーズ。思い切って前進して大丈夫。
総合,1,下位,v3,今日は総合でいい風が吹いている予感。流れに乗って行動を起こしてみて。
総合,1,最下位,v1,総合で好感度が高まる日。優しさを忘れずに接して。
総合,1,最下位,v2,総合で頼りにされる場面がありそう。自信を持って臨んでみて。
総合,1,最下位,v3,穏やかな気持ちで総合に取り組むと、思いがけない幸運が訪れそう。
総合,2,1位,v1,総合での成果が出やすい日。ひとつの挑戦が良い結果に結びつきそう。
総合,2,1位,v2,穏やかな気持ちで総合に取り組むと、思いがけない幸運が訪れそう。
総合,2,1位,v3,今日は総合に集中することで、理想的な結果が得られるはず。
総合,2,上位,v1,総合の流れがスムーズ。思い切って前進して大丈夫。
総合,2,上位,v2,今日は総合に集中することで、理想的な結果が得られるはず。
総合,2,上位,v3,あなたの努力が総合の面で花開くかも。あきらめない気持ちが大切です。
総合,2,下位,v1,今日は総合でいい風が吹いている予感。流れに乗って行動を起こしてみて。
総合,2,下位,v2,総合の流れがスムーズ。思い切って前進して大丈夫。
総合,2,下位,v3,あなたの努力が総合の面で花開くかも。あきらめない気持ちが大切です。
総合,2,最下位,v1,総合で頼りにされる場面がありそう。自信を持って臨んでみて。
総合,2,最下位,v2,総合で好感度が高まる日。優しさを忘れずに接して。
総合,2,最下位,v3,新しい視点が総合での成功を引き寄せるかも。柔軟な対応がカギ。
総合,3,1位,v1,総合で好感度が高まる日。優しさを忘れずに接して。
総合,3,1位,v2,今日は総合でいい風が吹いている予感。流れに乗って行動を起こしてみて。
総合,3,1位,v3,総合の流れがスムーズ。思い切って前進して大丈夫。
総合,3,上位,v1,心の余裕が総合の運気を後押し。リラックスして過ごしてみて。
総合,3,上位,v2,穏やかな気持ちで総合に取り組むと、思いがけない幸運が訪れそう。
総合,3,上位,v3,今日は総合に集中することで、理想的な結果が得られるはず。
総合,3,下位,v1,新しい視点が総合での成功を引き寄せるかも。柔軟な対応がカギ。
総合,3,下位,v2,穏やかな気持ちで総合に取り組むと、思いがけない幸運が訪れそう。
総合,3,下位,v3,総合で頼りにされる場面がありそう。自信を持って臨んでみて。
総合,3,最下位,v1,新しい視点が総合での成功を引き寄せるかも。柔軟な対応がカギ。
総合,3,最下位,v2,今日は総合でいい風が吹いている予感。流れに乗って行動を起こしてみて。
総合,3,最下位,v3,心の余裕が総合の運気を後押し。リラックスして過ごしてみて。
総合,4,1位,v1,今日は総合でいい風が吹いている予感。流れに乗って行動を起こしてみて。
総合,4,1位,v2,総合の流れがスムーズ。思い切って前進して大丈夫。
総合,4,1位,v3,総合で好感度が高まる日。優しさを忘れずに接して。
総合,4,上位,v1,心の余裕が総合の運気を後押し。リラックスして過ごしてみて。
総合,4,上位,v2,総合での成果が出やすい日。ひとつの挑戦が良い結果に結びつきそう。
総合,4,上位,v3,新しい視点が総合での成功を引き寄せるかも。柔軟な対応がカギ。
総合,4,下位,v1,新しい視点が総合での成功を引き寄せるかも。柔軟な対応がカギ。
総合,4,下位,v2,総合での成果が出やすい日。ひとつの挑戦が良い結果に結びつきそう。
総合,4,下位,v3,総合で好感度が高まる日。優しさを忘れずに接して。
総合,4,最下位,v1,あなたの努力が総合の面で花開くかも。あきらめない気持ちが大切です。
総合,4,最下位,v2,総合での成果が出やすい日。ひとつの挑戦が良い結果に結びつきそう。
総合,4,最下位,v3,新しい視点が総合での成功を引き寄せるかも。柔軟な対応がカギ。
総合,5,1位,v1,総合での成果が出やすい日。ひとつの挑戦が良い結果に結びつきそう。
総合,5,1位,v2,総合で頼りにされる場面がありそう。自信を持って臨んでみて。
総合,5,1位,v3,心の余裕が総合の運気を後押し。リラックスして過ごしてみて。
総合,5,上位,v1,心の余裕が総合の運気を後押し。リラックスして過ごしてみて。
総合,5,上位,v2,総合で好感度が高まる日。優しさを忘れずに接して。
総合,5,上位,v3,今日は総合に集中することで、理想的な結果が得られるはず。
総合,5,下位,v1,総合での成果が出やすい日。ひとつの挑戦が良い結果に結びつきそう。
総合,5,下位,v2,総合の流れがスムーズ。思い切って前進して大丈夫。
総合,5,下位,v3,今日は総合に集中することで、理想的な結果が得られるはず。
総合,5,最下位,v1,総合の流れがスムーズ。思い切って前進して大丈夫。
総合,5,最下位,v2,総合での成果が出やすい日。ひとつの挑戦が良い結果に結びつきそう。
総合,5,最下位,v3,穏やかな気持ちで総合に取り組むと、思いがけない幸運が訪れそう。
